filename,num_vesicles,area_vesicles,area_percent
WellK08_PointK08_0002_ChannelNile Red_Seq0662.ome.tiff,0,0.0,0.0
WellH04_PointH04_0003_ChannelNile Red_Seq0475.ome.tiff,0,0.0,0.0
WellJ07_PointJ07_0001_ChannelNile Red_Seq0621.ome.tiff,1,452.3893421169302,0.0004314320965928366
WellJ13_PointJ13_0000_ChannelNile Red_Seq0596.ome.tiff,2,1150.6083093772618,0.0010973055928967111
WellF10_PointF10_0003_ChannelNile Red_Seq0291.ome.tiff,0,0.0,0.0
WellD15_PointD15_0003_ChannelNile Red_Seq0111.ome.tiff,94,33242.76266396039,0.031702768959007636
WellE17_PointE17_0002_ChannelNile Red_Seq0218.ome.tiff,0,0.0,0.0
WellH09_PointH09_0000_ChannelNile Red_Seq0452.ome.tiff,0,0.0,0.0
WellE14_PointE14_0002_ChannelNile Red_Seq0206.ome.tiff,0,0.0,0.0
WellC08_PointC08_0001_ChannelNile Red_Seq0021.ome.tiff,0,0.0,0.0
WellC21_PointC21_0003_ChannelNile Red_Seq0075.ome.tiff,0,0.0,0.0
WellI20_PointI20_0003_ChannelNile Red_Seq0551.ome.tiff,123,65473.14709530149,0.0624400587990775
WellD13_PointD13_0001_ChannelNile Red_Seq0117.ome.tiff,0,0.0,0.0
WellC21_PointC21_0000_ChannelNile Red_Seq0072.ome.tiff,0,0.0,0.0
WellJ15_PointJ15_0002_ChannelNile Red_Seq0590.ome.tiff,0,0.0,0.0
WellH09_PointH09_0003_ChannelNile Red_Seq0455.ome.tiff,2,2256.448923440869,0.0021519173845680893
WellC03_PointC03_0000_ChannelNile Red_Seq0000.ome.tiff,0,0.0,0.0
WellI09_PointI09_0001_ChannelNile Red_Seq0505.ome.tiff,16,5887.344632827272,0.005614609368159554
WellG17_PointG17_0001_ChannelNile Red_Seq0377.ome.tiff,57,35429.3111508589,0.03378802409253969
WellJ12_PointJ12_0003_ChannelNile Red_Seq0603.ome.tiff,0,0.0,0.0
WellE19_PointE19_0002_ChannelNile Red_Seq0226.ome.tiff,0,0.0,0.0
WellH04_PointH04_0000_ChannelNile Red_Seq0472.ome.tiff,0,0.0,0.0
WellK17_PointK17_0003_ChannelNile Red_Seq0699.ome.tiff,0,0.0,0.0
WellJ20_PointJ20_0001_ChannelNile Red_Seq0569.ome.tiff,0,0.0,0.0
WellK03_PointK03_0003_ChannelNile Red_Seq0643.ome.tiff,0,0.0,0.0
WellK14_PointK14_0003_ChannelNile Red_Seq0687.ome.tiff,2,887.4999246391166,0.0008463858839408079
WellI12_PointI12_0003_ChannelNile Red_Seq0519.ome.tiff,1,2206.1834409834323,0.002103980484946663
WellH05_PointH05_0001_ChannelNile Red_Seq0469.ome.tiff,5,1943.8604544086845,0.0018538097900473447
WellD06_PointD06_0000_ChannelNile Red_Seq0144.ome.tiff,0,0.0,0.0
WellG04_PointG04_0001_ChannelNile Red_Seq0325.ome.tiff,1,530.929158456675,0.0005063335022513152
WellF05_PointF05_0002_ChannelNile Red_Seq0310.ome.tiff,0,0.0,0.0
WellF20_PointF20_0001_ChannelNile Red_Seq0249.ome.tiff,124,52126.09070652525,0.049711313921475646
WellH17_PointH17_0000_ChannelNile Red_Seq0420.ome.tiff,0,0.0,0.0
WellC16_PointC16_0001_ChannelNile Red_Seq0053.ome.tiff,0,0.0,0.0
WellD10_PointD10_0002_ChannelNile Red_Seq0130.ome.tiff,3,1214.225560612455,0.0011579757314800787
WellL21_PointL21_0001_ChannelNile Red_Seq0725.ome.tiff,0,0.0,0.0
WellC20_PointC20_0001_ChannelNile Red_Seq0069.ome.tiff,0,0.0,0.0
WellD20_PointD20_0003_ChannelNile Red_Seq0091.ome.tiff,0,0.0,0.0
WellI14_PointI14_0002_ChannelNile Red_Seq0526.ome.tiff,3,1654.8339302784236,0.0015781726172241436
WellI17_PointI17_0002_ChannelNile Red_Seq0538.ome.tiff,1,226.98006922186255,0.00021646506235300307
WellF03_PointF03_0000_ChannelNile Red_Seq0316.ome.tiff,0,0.0,0.0
WellH22_PointH22_0003_ChannelNile Red_Seq0403.ome.tiff,0,0.0,0.0
WellG12_PointG12_0000_ChannelNile Red_Seq0356.ome.tiff,0,0.0,0.0
WellK22_PointK22_0003_ChannelNile Red_Seq0719.ome.tiff,20,6902.864458100172,0.006583084543323681
WellK19_PointK19_0000_ChannelNile Red_Seq0704.ome.tiff,42,14494.52310549991,0.013823054414272222
WellC16_PointC16_0002_ChannelNile Red_Seq0054.ome.tiff,0,0.0,0.0
WellE07_PointE07_0000_ChannelNile Red_Seq0176.ome.tiff,22,9672.963780402973,0.009224857120898221
WellI04_PointI04_0002_ChannelNile Red_Seq0486.ome.tiff,33,17844.246272390028,0.017017599365606335
WellI07_PointI07_0002_ChannelNile Red_Seq0498.ome.tiff,2,6243.130000846316,0.005953912735792461
WellE17_PointE17_0000_ChannelNile Red_Seq0216.ome.tiff,0,0.0,0.0
WellK06_PointK06_0003_ChannelNile Red_Seq0655.ome.tiff,1,226.98006922186255,0.00021646506235300307
WellH20_PointH20_0000_ChannelNile Red_Seq0408.ome.tiff,0,0.0,0.0
WellF17_PointF17_0001_ChannelNile Red_Seq0261.ome.tiff,1,346.3605900582747,0.0003303151989538905
WellJ16_PointJ16_0003_ChannelNile Red_Seq0587.ome.tiff,0,0.0,0.0
WellC05_PointC05_0000_ChannelNile Red_Seq0008.ome.tiff,0,0.0,0.0
WellH12_PointH12_0000_ChannelNile Red_Seq0440.ome.tiff,0,0.0,0.0
WellJ13_PointJ13_0002_ChannelNile Red_Seq0598.ome.tiff,3,800.3207285019998,0.0007632453236598967
WellG17_PointG17_0003_ChannelNile Red_Seq0379.ome.tiff,24,11320.72912721082,0.010796288611613102
WellF22_PointF22_0002_ChannelNile Red_Seq0242.ome.tiff,53,19109.522713623315,0.018224261010764423
WellD16_PointD16_0002_ChannelNile Red_Seq0106.ome.tiff,133,83126.54161398593,0.07927564774893373
WellG14_PointG14_0003_ChannelNile Red_Seq0367.ome.tiff,0,0.0,0.0
WellL11_PointL11_0002_ChannelNile Red_Seq0766.ome.tiff,1,530.929158456675,0.0005063335022513152
WellK17_PointK17_0001_ChannelNile Red_Seq0697.ome.tiff,0,0.0,0.0
WellH07_PointH07_0002_ChannelNile Red_Seq0462.ome.tiff,0,0.0,0.0
WellG05_PointG05_0002_ChannelNile Red_Seq0330.ome.tiff,63,72215.00492990516,0.06886959546080128
WellI12_PointI12_0001_ChannelNile Red_Seq0517.ome.tiff,0,0.0,0.0
WellL16_PointL16_0001_ChannelNile Red_Seq0745.ome.tiff,0,0.0,0.0
WellL20_PointL20_0002_ChannelNile Red_Seq0730.ome.tiff,0,0.0,0.0
WellD13_PointD13_0003_ChannelNile Red_Seq0119.ome.tiff,41,47262.11988060484,0.04507266986904606
WellD21_PointD21_0000_ChannelNile Red_Seq0084.ome.tiff,0,0.0,0.0
WellK06_PointK06_0000_ChannelNile Red_Seq0652.ome.tiff,0,0.0,0.0
WellK10_PointK10_0001_ChannelNile Red_Seq0669.ome.tiff,0,0.0,0.0
WellE08_PointE08_0000_ChannelNile Red_Seq0180.ome.tiff,4,2747.3227755642743,0.0026200511699335806
WellD11_PointD11_0001_ChannelNile Red_Seq0125.ome.tiff,0,0.0,0.0
WellK11_PointK11_0000_ChannelNile Red_Seq0672.ome.tiff,2,1464.767574736241,0.0013969112155306253
WellC13_PointC13_0002_ChannelNile Red_Seq0042.ome.tiff,0,0.0,0.0
WellI19_PointI19_0003_ChannelNile Red_Seq0547.ome.tiff,34,27485.008728093704,0.026211746910184578
WellJ22_PointJ22_0002_ChannelNile Red_Seq0562.ome.tiff,0,0.0,0.0
WellE20_PointE20_0002_ChannelNile Red_Seq0230.ome.tiff,0,0.0,0.0
WellJ10_PointJ10_0000_ChannelNile Red_Seq0608.ome.tiff,0,0.0,0.0
WellF06_PointF06_0003_ChannelNile Red_Seq0307.ome.tiff,0,0.0,0.0
WellE04_PointE04_0002_ChannelNile Red_Seq0166.ome.tiff,27,34624.27803337651,0.03302028468454028
WellF11_PointF11_0000_ChannelNile Red_Seq0284.ome.tiff,0,0.0,0.0
WellE07_PointE07_0002_ChannelNile Red_Seq0178.ome.tiff,90,47716.08001904857,0.04550559999375207
WellG09_PointG09_0000_ChannelNile Red_Seq0344.ome.tiff,2,7891.680745817561,0.0075260932405639275
WellI07_PointI07_0000_ChannelNile Red_Seq0496.ome.tiff,35,33440.68300113656,0.031891520501267014
WellI17_PointI17_0000_ChannelNile Red_Seq0536.ome.tiff,1,3959.1921416865366,0.0037757798592439047
WellF03_PointF03_0002_ChannelNile Red_Seq0318.ome.tiff,0,0.0,0.0
WellC18_PointC18_0003_ChannelNile Red_Seq0063.ome.tiff,0,0.0,0.0
WellG18_PointG18_0001_ChannelNile Red_Seq0381.ome.tiff,29,12880.529879718155,0.012283830527990489
WellG12_PointG12_0002_ChannelNile Red_Seq0358.ome.tiff,0,0.0,0.0
WellK22_PointK22_0001_ChannelNile Red_Seq0717.ome.tiff,41,20356.73499709846,0.01941369533262106
WellK11_PointK11_0003_ChannelNile Red_Seq0675.ome.tiff,3,984.8892969004002,0.0009392636269573213
WellF21_PointF21_0000_ChannelNile Red_Seq0244.ome.tiff,106,37823.20475289431,0.036071018937010105
WellF07_PointF07_0003_ChannelNile Red_Seq0303.ome.tiff,0,0.0,0.0
WellG05_PointG05_0000_ChannelNile Red_Seq0328.ome.tiff,74,60324.07673606781,0.057529522644107635
WellG08_PointG08_0000_ChannelNile Red_Seq0340.ome.tiff,1,530.929158456675,0.0005063335022513152
WellL12_PointL12_0000_ChannelNile Red_Seq0760.ome.tiff,94,53208.36937568692,0.05074345529144947
WellE21_PointE21_0001_ChannelNile Red_Seq0233.ome.tiff,0,0.0,0.0
WellI06_PointI06_0000_ChannelNile Red_Seq0492.ome.tiff,0,0.0,0.0
WellE03_PointE03_0003_ChannelNile Red_Seq0163.ome.tiff,7,7299.4905306158835,0.006961336641898998
WellC19_PointC19_0003_ChannelNile Red_Seq0067.ome.tiff,0,0.0,0.0
WellI16_PointI16_0000_ChannelNile Red_Seq0532.ome.tiff,3,1160.8184855014285,0.0011070427756323133
WellL20_PointL20_0000_ChannelNile Red_Seq0728.ome.tiff,0,0.0,0.0
WellD22_PointD22_0002_ChannelNile Red_Seq0082.ome.tiff,3,1602.997651494192,0.0015287376894895478
WellG22_PointG22_0002_ChannelNile Red_Seq0398.ome.tiff,0,0.0,0.0
WellG19_PointG19_0001_ChannelNile Red_Seq0385.ome.tiff,0,0.0,0.0
WellD12_PointD12_0003_ChannelNile Red_Seq0123.ome.tiff,10,6167.731777160162,0.005882007386360323
WellK10_PointK10_0003_ChannelNile Red_Seq0671.ome.tiff,0,0.0,0.0
WellI16_PointI16_0003_ChannelNile Red_Seq0535.ome.tiff,3,2643.650217995811,0.002521181314464389
WellI18_PointI18_0003_ChannelNile Red_Seq0543.ome.tiff,0,0.0,0.0
WellH20_PointH20_0002_ChannelNile Red_Seq0410.ome.tiff,0,0.0,0.0
WellC05_PointC05_0002_ChannelNile Red_Seq0010.ome.tiff,0,0.0,0.0
WellI06_PointI06_0003_ChannelNile Red_Seq0495.ome.tiff,3,9824.545625938681,0.009369416833819085
WellH11_PointH11_0002_ChannelNile Red_Seq0446.ome.tiff,0,0.0,0.0
WellE21_PointE21_0002_ChannelNile Red_Seq0234.ome.tiff,0,0.0,0.0
WellC14_PointC14_0003_ChannelNile Red_Seq0047.ome.tiff,0,0.0,0.0
WellC17_PointC17_0003_ChannelNile Red_Seq0059.ome.tiff,0,0.0,0.0
WellF12_PointF12_0002_ChannelNile Red_Seq0282.ome.tiff,0,0.0,0.0
WellD17_PointD17_0002_ChannelNile Red_Seq0102.ome.tiff,15,9858.317746964773,0.009401624438252232
WellK16_PointK16_0001_ChannelNile Red_Seq0693.ome.tiff,0,0.0,0.0
WellH06_PointH06_0002_ChannelNile Red_Seq0466.ome.tiff,0,0.0,0.0
WellE12_PointE12_0002_ChannelNile Red_Seq0198.ome.tiff,0,0.0,0.0
WellL17_PointL17_0001_ChannelNile Red_Seq0741.ome.tiff,5,10148.12966925843,0.009678010625132016
WellG13_PointG13_0002_ChannelNile Red_Seq0362.ome.tiff,2,692.7211801165494,0.000660630397907781
WellH03_PointH03_0003_ChannelNile Red_Seq0479.ome.tiff,0,0.0,0.0
WellK07_PointK07_0000_ChannelNile Red_Seq0656.ome.tiff,0,0.0,0.0
WellE09_PointE09_0000_ChannelNile Red_Seq0184.ome.tiff,163,74242.117589634,0.07080280074084663
WellE16_PointE16_0003_ChannelNile Red_Seq0215.ome.tiff,0,0.0,0.0
WellE16_PointE16_0000_ChannelNile Red_Seq0212.ome.tiff,0,0.0,0.0
WellH08_PointH08_0002_ChannelNile Red_Seq0458.ome.tiff,0,0.0,0.0
WellF16_PointF16_0001_ChannelNile Red_Seq0265.ome.tiff,0,0.0,0.0
WellJ17_PointJ17_0003_ChannelNile Red_Seq0583.ome.tiff,0,0.0,0.0
WellE20_PointE20_0000_ChannelNile Red_Seq0228.ome.tiff,0,0.0,0.0
WellC12_PointC12_0001_ChannelNile Red_Seq0037.ome.tiff,0,0.0,0.0
WellJ21_PointJ21_0000_ChannelNile Red_Seq0564.ome.tiff,0,0.0,0.0
WellK16_PointK16_0002_ChannelNile Red_Seq0694.ome.tiff,0,0.0,0.0
WellJ10_PointJ10_0002_ChannelNile Red_Seq0610.ome.tiff,0,0.0,0.0
WellJ15_PointJ15_0000_ChannelNile Red_Seq0588.ome.tiff,0,0.0,0.0
WellI20_PointI20_0001_ChannelNile Red_Seq0549.ome.tiff,30,14959.4788182312,0.014266470735770417
WellL09_PointL09_0000_ChannelNile Red_Seq0772.ome.tiff,0,0.0,0.0
WellK18_PointK18_0000_ChannelNile Red_Seq0700.ome.tiff,1,1134.1149479459152,0.0010815762977084305
WellG22_PointG22_0000_ChannelNile Red_Seq0396.ome.tiff,0,0.0,0.0
WellI03_PointI03_0003_ChannelNile Red_Seq0483.ome.tiff,0,0.0,0.0
WellI13_PointI13_0003_ChannelNile Red_Seq0523.ome.tiff,1,1075.2100856911068,0.0010254002434645717
WellJ11_PointJ11_0001_ChannelNile Red_Seq0605.ome.tiff,1,283.5287369864788,0.0002703940744271076
WellE06_PointE06_0000_ChannelNile Red_Seq0172.ome.tiff,3,4000.032846183204,0.0038147285901863138
WellF04_PointF04_0001_ChannelNile Red_Seq0313.ome.tiff,0,0.0,0.0
WellJ20_PointJ20_0003_ChannelNile Red_Seq0571.ome.tiff,0,0.0,0.0
WellD07_PointD07_0000_ChannelNile Red_Seq0140.ome.tiff,17,5033.6168292142465,0.004800431088651892
WellF04_PointF04_0002_ChannelNile Red_Seq0314.ome.tiff,0,0.0,0.0
WellD15_PointD15_0001_ChannelNile Red_Seq0109.ome.tiff,107,35993.22703217826,0.034325816185167564
WellE06_PointE06_0003_ChannelNile Red_Seq0175.ome.tiff,0,0.0,0.0
WellF10_PointF10_0001_ChannelNile Red_Seq0289.ome.tiff,0,0.0,0.0
WellC17_PointC17_0001_ChannelNile Red_Seq0057.ome.tiff,0,0.0,0.0
WellH16_PointH16_0000_ChannelNile Red_Seq0424.ome.tiff,1,415.4756284372501,0.00039622843593335163
WellG03_PointG03_0000_ChannelNile Red_Seq0320.ome.tiff,0,0.0,0.0
WellL09_PointL09_0003_ChannelNile Red_Seq0775.ome.tiff,0,0.0,0.0
WellI21_PointI21_0003_ChannelNile Red_Seq0555.ome.tiff,12,5312.4331772203395,0.00506633107873949
WellH21_PointH21_0001_ChannelNile Red_Seq0405.ome.tiff,0,0.0,0.0
WellJ14_PointJ14_0002_ChannelNile Red_Seq0594.ome.tiff,4,2964.8780668253676,0.0028275280636075664
WellH03_PointH03_0001_ChannelNile Red_Seq0477.ome.tiff,0,0.0,0.0
WellK07_PointK07_0002_ChannelNile Red_Seq0658.ome.tiff,1,4071.5040790523717,0.003882888869335529
WellI08_PointI08_0001_ChannelNile Red_Seq0501.ome.tiff,4,7890.109949490765,0.007524595212450757
WellK13_PointK13_0002_ChannelNile Red_Seq0682.ome.tiff,20,11402.410536204156,0.01087418607349792
WellK04_PointK04_0002_ChannelNile Red_Seq0646.ome.tiff,1,346.3605900582747,0.0003303151989538905
WellG16_PointG16_0001_ChannelNile Red_Seq0373.ome.tiff,22,21218.31678234546,0.02023536375269457
WellD14_PointD14_0000_ChannelNile Red_Seq0112.ome.tiff,16,7115.70736038088,0.006786067352658158
WellE18_PointE18_0002_ChannelNile Red_Seq0222.ome.tiff,0,0.0,0.0
WellC04_PointC04_0001_ChannelNile Red_Seq0005.ome.tiff,0,0.0,0.0
WellE12_PointE12_0000_ChannelNile Red_Seq0196.ome.tiff,0,0.0,0.0
WellK09_PointK09_0002_ChannelNile Red_Seq0666.ome.tiff,0,0.0,0.0
WellH05_PointH05_0003_ChannelNile Red_Seq0471.ome.tiff,0,0.0,0.0
WellC12_PointC12_0003_ChannelNile Red_Seq0039.ome.tiff,0,0.0,0.0
WellE13_PointE13_0003_ChannelNile Red_Seq0203.ome.tiff,0,0.0,0.0
WellF20_PointF20_0003_ChannelNile Red_Seq0251.ome.tiff,150,70409.37455225445,0.06714761214471288
WellJ06_PointJ06_0001_ChannelNile Red_Seq0625.ome.tiff,0,0.0,0.0
WellD14_PointD14_0003_ChannelNile Red_Seq0115.ome.tiff,20,9943.926146775095,0.009483266970419974
WellF05_PointF05_0000_ChannelNile Red_Seq0308.ome.tiff,0,0.0,0.0
WellG16_PointG16_0002_ChannelNile Red_Seq0374.ome.tiff,3,1787.5662198925925,0.0017047559927869725
WellD10_PointD10_0000_ChannelNile Red_Seq0128.ome.tiff,86,80674.52854785908,0.07693722586427601
WellC09_PointC09_0001_ChannelNile Red_Seq0025.ome.tiff,0,0.0,0.0
WellH08_PointH08_0000_ChannelNile Red_Seq0456.ome.tiff,0,0.0,0.0
WellD20_PointD20_0001_ChannelNile Red_Seq0089.ome.tiff,0,0.0,0.0
WellL22_PointL22_0003_ChannelNile Red_Seq0723.ome.tiff,37,13544.976725952394,0.012917496419861216
WellJ14_PointJ14_0001_ChannelNile Red_Seq0593.ome.tiff,8,9325.032394017904,0.008893043893831162
WellC20_PointC20_0003_ChannelNile Red_Seq0071.ome.tiff,0,0.0,0.0
WellI21_PointI21_0000_ChannelNile Red_Seq0552.ome.tiff,72,22247.188376396116,0.021216572166820637
WellC14_PointC14_0001_ChannelNile Red_Seq0045.ome.tiff,0,0.0,0.0
WellI11_PointI11_0002_ChannelNile Red_Seq0514.ome.tiff,1,530.929158456675,0.0005063335022513152
WellG06_PointG06_0001_ChannelNile Red_Seq0333.ome.tiff,7,3967.046123320511,0.0037832699998097525
WellD04_PointD04_0000_ChannelNile Red_Seq0152.ome.tiff,0,0.0,0.0
WellI05_PointI05_0001_ChannelNile Red_Seq0489.ome.tiff,19,8536.492637966865,0.008141033781020036
WellJ18_PointJ18_0003_ChannelNile Red_Seq0579.ome.tiff,0,0.0,0.0
WellH11_PointH11_0000_ChannelNile Red_Seq0444.ome.tiff,1,283.5287369864788,0.0002703940744271076
WellH13_PointH13_0001_ChannelNile Red_Seq0437.ome.tiff,0,0.0,0.0
WellI15_PointI15_0001_ChannelNile Red_Seq0529.ome.tiff,0,0.0,0.0
WellI18_PointI18_0001_ChannelNile Red_Seq0541.ome.tiff,1,226.98006922186255,0.00021646506235300307
WellK20_PointK20_0000_ChannelNile Red_Seq0708.ome.tiff,0,0.0,0.0
WellK05_PointK05_0003_ChannelNile Red_Seq0651.ome.tiff,0,0.0,0.0
WellG19_PointG19_0003_ChannelNile Red_Seq0387.ome.tiff,0,0.0,0.0
WellD12_PointD12_0001_ChannelNile Red_Seq0121.ome.tiff,93,45150.96961739251,0.043059320084946166
WellE03_PointE03_0001_ChannelNile Red_Seq0161.ome.tiff,122,46616.52259029214,0.044456980314533365
WellD22_PointD22_0000_ChannelNile Red_Seq0080.ome.tiff,0,0.0,0.0
WellC19_PointC19_0001_ChannelNile Red_Seq0065.ome.tiff,0,0.0,0.0
WellC22_PointC22_0002_ChannelNile Red_Seq0078.ome.tiff,0,0.0,0.0
WellH18_PointH18_0000_ChannelNile Red_Seq0416.ome.tiff,0,0.0,0.0
WellC10_PointC10_0002_ChannelNile Red_Seq0030.ome.tiff,0,0.0,0.0
WellG08_PointG08_0002_ChannelNile Red_Seq0342.ome.tiff,0,0.0,0.0
WellL12_PointL12_0002_ChannelNile Red_Seq0762.ome.tiff,116,47759.27691803543,0.04554679576686423
WellI11_PointI11_0001_ChannelNile Red_Seq0513.ome.tiff,2,692.7211801165494,0.000660630397907781
WellD04_PointD04_0003_ChannelNile Red_Seq0155.ome.tiff,0,0.0,0.0
WellG06_PointG06_0002_ChannelNile Red_Seq0334.ome.tiff,2,877.2897485149497,0.0008366487012052056
WellF07_PointF07_0001_ChannelNile Red_Seq0301.ome.tiff,0,0.0,0.0
WellF21_PointF21_0002_ChannelNile Red_Seq0246.ome.tiff,13,3365.4311301580647,0.0032095252324658057
WellH15_PointH15_0003_ChannelNile Red_Seq0431.ome.tiff,3,6491.31582047991,0.006190601177673254
WellF13_PointF13_0002_ChannelNile Red_Seq0278.ome.tiff,0,0.0,0.0
WellK15_PointK15_0000_ChannelNile Red_Seq0688.ome.tiff,0,0.0,0.0
WellJ21_PointJ21_0002_ChannelNile Red_Seq0566.ome.tiff,0,0.0,0.0
WellI10_PointI10_0000_ChannelNile Red_Seq0508.ome.tiff,6,3062.267439086651,0.0029204058066240796
WellF16_PointF16_0003_ChannelNile Red_Seq0267.ome.tiff,1,283.5287369864788,0.0002703940744271076
WellL19_PointL19_0000_ChannelNile Red_Seq0732.ome.tiff,89,32057.59683539364,0.030572506747621193
WellJ17_PointJ17_0001_ChannelNile Red_Seq0581.ome.tiff,0,0.0,0.0
WellJ03_PointJ03_0000_ChannelNile Red_Seq0636.ome.tiff,1,346.3605900582747,0.0003303151989538905
WellK12_PointK12_0000_ChannelNile Red_Seq0676.ome.tiff,0,0.0,0.0
WellK21_PointK21_0002_ChannelNile Red_Seq0714.ome.tiff,52,23245.429442074277,0.022168569032739904
WellE15_PointE15_0001_ChannelNile Red_Seq0209.ome.tiff,0,0.0,0.0
WellK21_PointK21_0001_ChannelNile Red_Seq0713.ome.tiff,108,70883.75504294648,0.06760001663489006
WellE09_PointE09_0002_ChannelNile Red_Seq0186.ome.tiff,217,115124.44818896135,0.10979122942825446
WellL17_PointL17_0003_ChannelNile Red_Seq0743.ome.tiff,7,4951.150022057514,0.00472178461271049
WellJ08_PointJ08_0001_ChannelNile Red_Seq0617.ome.tiff,1,346.3605900582747,0.0003303151989538905
WellL19_PointL19_0003_ChannelNile Red_Seq0735.ome.tiff,83,47746.71054742108,0.04553481154195888
WellG13_PointG13_0000_ChannelNile Red_Seq0360.ome.tiff,72,50173.59087231918,0.04784926497680586
WellD05_PointD05_0001_ChannelNile Red_Seq0149.ome.tiff,0,0.0,0.0
WellC07_PointC07_0001_ChannelNile Red_Seq0017.ome.tiff,0,0.0,0.0
WellH06_PointH06_0000_ChannelNile Red_Seq0464.ome.tiff,2,4737.521721613408,0.004518052789319427
WellF12_PointF12_0000_ChannelNile Red_Seq0280.ome.tiff,0,0.0,0.0
WellF18_PointF18_0003_ChannelNile Red_Seq0259.ome.tiff,0,0.0,0.0
WellJ05_PointJ05_0002_ChannelNile Red_Seq0630.ome.tiff,0,0.0,0.0
WellD17_PointD17_0000_ChannelNile Red_Seq0100.ome.tiff,2,2112.7210595391357,0.0020148478122130734
WellD19_PointD19_0002_ChannelNile Red_Seq0094.ome.tiff,14,69605.91223109886,0.06638137076482664
WellH13_PointH13_0003_ChannelNile Red_Seq0439.ome.tiff,25,14752.919101257668,0.014069480038888615
WellL15_PointL15_0000_ChannelNile Red_Seq0748.ome.tiff,0,0.0,0.0
WellG10_PointG10_0001_ChannelNile Red_Seq0349.ome.tiff,16,8727.344391672445,0.008323044196770138
WellG03_PointG03_0002_ChannelNile Red_Seq0322.ome.tiff,34,10253.373023153687,0.009778378508714377
WellH16_PointH16_0002_ChannelNile Red_Seq0426.ome.tiff,1,1661.9025137490005,0.0015849137437334065
WellE05_PointE05_0001_ChannelNile Red_Seq0169.ome.tiff,0,0.0,0.0
WellD09_PointD09_0002_ChannelNile Red_Seq0134.ome.tiff,1,2206.1834409834323,0.002103980484946663
WellE10_PointE10_0003_ChannelNile Red_Seq0191.ome.tiff,2,1301.4047567495718,0.00124111629176099
WellD07_PointD07_0002_ChannelNile Red_Seq0142.ome.tiff,2,1490.685714128357,0.0014216286793979234
WellJ18_PointJ18_0001_ChannelNile Red_Seq0577.ome.tiff,0,0.0,0.0
WellD09_PointD09_0001_ChannelNile Red_Seq0133.ome.tiff,1,452.3893421169302,0.0004314320965928366
WellI13_PointI13_0001_ChannelNile Red_Seq0521.ome.tiff,1,346.3605900582747,0.0003303151989538905
WellJ11_PointJ11_0003_ChannelNile Red_Seq0607.ome.tiff,0,0.0,0.0
WellI03_PointI03_0001_ChannelNile Red_Seq0481.ome.tiff,0,0.0,0.0
WellK18_PointK18_0002_ChannelNile Red_Seq0702.ome.tiff,5,2674.2807463683116,0.0025503928626711956
WellD19_PointD19_0001_ChannelNile Red_Seq0093.ome.tiff,2,629.8893270447535,0.0006007092733809981
WellC22_PointC22_0000_ChannelNile Red_Seq0076.ome.tiff,0,0.0,0.0
WellH18_PointH18_0002_ChannelNile Red_Seq0418.ome.tiff,0,0.0,0.0
WellL14_PointL14_0002_ChannelNile Red_Seq0754.ome.tiff,3,1648.550744971244,0.0015721805047714654
WellL22_PointL22_0001_ChannelNile Red_Seq0721.ome.tiff,24,9556.724852220152,0.009114003040523674
WellJ03_PointJ03_0002_ChannelNile Red_Seq0638.ome.tiff,4,2523.4842989960016,0.002406582163806917
WellF09_PointF09_0003_ChannelNile Red_Seq0295.ome.tiff,0,0.0,0.0
WellK12_PointK12_0002_ChannelNile Red_Seq0678.ome.tiff,0,0.0,0.0
WellG11_PointG11_0003_ChannelNile Red_Seq0355.ome.tiff,80,87373.97488163933,0.08332631576694424
WellG20_PointG20_0003_ChannelNile Red_Seq0391.ome.tiff,0,0.0,0.0
WellC09_PointC09_0003_ChannelNile Red_Seq0027.ome.tiff,0,0.0,0.0
WellJ06_PointJ06_0003_ChannelNile Red_Seq0627.ome.tiff,0,0.0,0.0
WellG15_PointG15_0000_ChannelNile Red_Seq0368.ome.tiff,302,140615.33098018894,0.13410122964877028
WellF13_PointF13_0000_ChannelNile Red_Seq0276.ome.tiff,0,0.0,0.0
WellK09_PointK09_0000_ChannelNile Red_Seq0664.ome.tiff,0,0.0,0.0
WellL10_PointL10_0001_ChannelNile Red_Seq0769.ome.tiff,0,0.0,0.0
WellE13_PointE13_0001_ChannelNile Red_Seq0201.ome.tiff,0,0.0,0.0
WellC04_PointC04_0003_ChannelNile Red_Seq0007.ome.tiff,0,0.0,0.0
WellE18_PointE18_0000_ChannelNile Red_Seq0220.ome.tiff,0,0.0,0.0
WellC07_PointC07_0003_ChannelNile Red_Seq0019.ome.tiff,0,0.0,0.0
WellH10_PointH10_0003_ChannelNile Red_Seq0451.ome.tiff,0,0.0,0.0
WellC15_PointC15_0002_ChannelNile Red_Seq0050.ome.tiff,0,0.0,0.0
WellF18_PointF18_0001_ChannelNile Red_Seq0257.ome.tiff,0,0.0,0.0
WellG11_PointG11_0000_ChannelNile Red_Seq0352.ome.tiff,1,226.98006922186255,0.00021646506235300307
WellK13_PointK13_0000_ChannelNile Red_Seq0680.ome.tiff,1,962.1127501618741,0.0009175422193163625
WellK04_PointK04_0000_ChannelNile Red_Seq0644.ome.tiff,4,5857.49950261817,0.005586146834009332
WellI08_PointI08_0003_ChannelNile Red_Seq0503.ome.tiff,6,1657.190124768616,0.001580419659393898
WellF09_PointF09_0000_ChannelNile Red_Seq0292.ome.tiff,0,0.0,0.0
WellJ08_PointJ08_0003_ChannelNile Red_Seq0619.ome.tiff,0,0.0,0.0
WellF15_PointF15_0002_ChannelNile Red_Seq0270.ome.tiff,126,57739.33138032681,0.05506451738388711
WellL14_PointL14_0001_ChannelNile Red_Seq0753.ome.tiff,2,757.9092276785376,0.0007227985646043182
WellH21_PointH21_0003_ChannelNile Red_Seq0407.ome.tiff,0,0.0,0.0
WellE19_PointE19_0000_ChannelNile Red_Seq0224.ome.tiff,0,0.0,0.0
WellE22_PointE22_0003_ChannelNile Red_Seq0239.ome.tiff,0,0.0,0.0
WellK03_PointK03_0001_ChannelNile Red_Seq0641.ome.tiff,0,0.0,0.0
WellK14_PointK14_0001_ChannelNile Red_Seq0685.ome.tiff,1,452.3893421169302,0.0004314320965928366
WellJ12_PointJ12_0001_ChannelNile Red_Seq0601.ome.tiff,0,0.0,0.0
WellF19_PointF19_0001_ChannelNile Red_Seq0253.ome.tiff,0,0.0,0.0
WellL13_PointL13_0000_ChannelNile Red_Seq0756.ome.tiff,102,53577.50651248372,0.05109549189804432
WellC03_PointC03_0002_ChannelNile Red_Seq0002.ome.tiff,0,0.0,0.0
WellG21_PointG21_0000_ChannelNile Red_Seq0392.ome.tiff,0,0.0,0.0
WellI09_PointI09_0003_ChannelNile Red_Seq0507.ome.tiff,19,11116.525604727483,0.010601544956901058
WellF14_PointF14_0002_ChannelNile Red_Seq0274.ome.tiff,0,0.0,0.0
WellF08_PointF08_0000_ChannelNile Red_Seq0296.ome.tiff,0,0.0,0.0
WellL15_PointL15_0002_ChannelNile Red_Seq0750.ome.tiff,0,0.0,0.0
WellL18_PointL18_0002_ChannelNile Red_Seq0738.ome.tiff,0,0.0,0.0
WellF14_PointF14_0001_ChannelNile Red_Seq0273.ome.tiff,0,0.0,0.0
WellC08_PointC08_0003_ChannelNile Red_Seq0023.ome.tiff,0,0.0,0.0
WellE14_PointE14_0000_ChannelNile Red_Seq0204.ome.tiff,0,0.0,0.0
WellG21_PointG21_0003_ChannelNile Red_Seq0395.ome.tiff,0,0.0,0.0
WellG10_PointG10_0003_ChannelNile Red_Seq0351.ome.tiff,1,346.3605900582747,0.0003303151989538905
WellE05_PointE05_0003_ChannelNile Red_Seq0171.ome.tiff,0,0.0,0.0
WellJ07_PointJ07_0003_ChannelNile Red_Seq0623.ome.tiff,0,0.0,0.0
WellF19_PointF19_0002_ChannelNile Red_Seq0254.ome.tiff,0,0.0,0.0
WellK08_PointK08_0000_ChannelNile Red_Seq0660.ome.tiff,0,0.0,0.0
WellE10_PointE10_0001_ChannelNile Red_Seq0189.ome.tiff,1,2551.7586328783095,0.002433546669843969
WellJ19_PointJ19_0002_ChannelNile Red_Seq0574.ome.tiff,0,0.0,0.0
WellI04_PointI04_0000_ChannelNile Red_Seq0484.ome.tiff,47,27256.457862545045,0.025993783819718404
WellH10_PointH10_0001_ChannelNile Red_Seq0449.ome.tiff,0,0.0,0.0
WellD08_PointD08_0001_ChannelNile Red_Seq0137.ome.tiff,6,4736.73632345001,0.004517303775262842
WellE11_PointE11_0000_ChannelNile Red_Seq0192.ome.tiff,0,0.0,0.0
WellC15_PointC15_0000_ChannelNile Red_Seq0048.ome.tiff,0,0.0,0.0
WellK19_PointK19_0002_ChannelNile Red_Seq0706.ome.tiff,42,15255.573925832035,0.014548849035102878
WellI14_PointI14_0000_ChannelNile Red_Seq0524.ome.tiff,1,283.5287369864788,0.0002703940744271076
WellH22_PointH22_0001_ChannelNile Red_Seq0401.ome.tiff,0,0.0,0.0
WellF15_PointF15_0000_ChannelNile Red_Seq0268.ome.tiff,1,660.519855417254,0.0006299208215878048
WellD18_PointD18_0001_ChannelNile Red_Seq0097.ome.tiff,3,1171.0286616255953,0.0011167799583679154
WellL21_PointL21_0003_ChannelNile Red_Seq0727.ome.tiff,0,0.0,0.0
WellI22_PointI22_0000_ChannelNile Red_Seq0556.ome.tiff,59,31847.11012760313,0.030371770980456476
WellG20_PointG20_0001_ChannelNile Red_Seq0389.ome.tiff,0,0.0,0.0
WellD03_PointD03_0003_ChannelNile Red_Seq0159.ome.tiff,0,0.0,0.0
WellG15_PointG15_0002_ChannelNile Red_Seq0370.ome.tiff,47,14929.633688022097,0.014238008201620194
WellH17_PointH17_0002_ChannelNile Red_Seq0422.ome.tiff,0,0.0,0.0
WellE11_PointE11_0003_ChannelNile Red_Seq0195.ome.tiff,1,452.3893421169302,0.0004314320965928366
WellG07_PointG07_0003_ChannelNile Red_Seq0339.ome.tiff,21,8993.59436906418,0.008576959961952381
WellL10_PointL10_0003_ChannelNile Red_Seq0771.ome.tiff,0,0.0,0.0
WellJ19_PointJ19_0001_ChannelNile Red_Seq0573.ome.tiff,0,0.0,0.0
WellD06_PointD06_0002_ChannelNile Red_Seq0146.ome.tiff,0,0.0,0.0
WellG04_PointG04_0003_ChannelNile Red_Seq0327.ome.tiff,0,0.0,0.0
WellD11_PointD11_0003_ChannelNile Red_Seq0127.ome.tiff,1,226.98006922186255,0.00021646506235300307
WellE08_PointE08_0002_ChannelNile Red_Seq0182.ome.tiff,3,2605.165707989336,0.0024844796256917345
WellJ09_PointJ09_0001_ChannelNile Red_Seq0613.ome.tiff,0,0.0,0.0
WellL16_PointL16_0003_ChannelNile Red_Seq0747.ome.tiff,0,0.0,0.0
WellF08_PointF08_0002_ChannelNile Red_Seq0298.ome.tiff,0,0.0,0.0
WellD21_PointD21_0002_ChannelNile Red_Seq0086.ome.tiff,25,7769.158632327558,0.0074092470477367
WellL11_PointL11_0000_ChannelNile Red_Seq0764.ome.tiff,0,0.0,0.0
WellE22_PointE22_0001_ChannelNile Red_Seq0237.ome.tiff,0,0.0,0.0
WellH07_PointH07_0000_ChannelNile Red_Seq0460.ome.tiff,0,0.0,0.0
WellC10_PointC10_0000_ChannelNile Red_Seq0028.ome.tiff,0,0.0,0.0
WellC06_PointC06_0001_ChannelNile Red_Seq0013.ome.tiff,0,0.0,0.0
WellF22_PointF22_0000_ChannelNile Red_Seq0240.ome.tiff,41,13299.932498972388,0.01268380403420676
WellH15_PointH15_0001_ChannelNile Red_Seq0429.ome.tiff,0,0.0,0.0
WellJ04_PointJ04_0002_ChannelNile Red_Seq0634.ome.tiff,1,1017.8760197630929,0.0009707222173338823
WellL13_PointL13_0002_ChannelNile Red_Seq0758.ome.tiff,3,1094.845039776043,0.0010441255948791914
WellD16_PointD16_0000_ChannelNile Red_Seq0104.ome.tiff,29,11721.282190543521,0.011178285780471345
WellG14_PointG14_0001_ChannelNile Red_Seq0365.ome.tiff,2,798.7499321752049,0.0007617472955467271
WellJ04_PointJ04_0001_ChannelNile Red_Seq0633.ome.tiff,1,452.3893421169302,0.0004314320965928366
WellC06_PointC06_0002_ChannelNile Red_Seq0014.ome.tiff,0,0.0,0.0
WellI05_PointI05_0003_ChannelNile Red_Seq0491.ome.tiff,27,19911.41423845211,0.01898900436253749
WellH12_PointH12_0002_ChannelNile Red_Seq0442.ome.tiff,0,0.0,0.0
WellI15_PointI15_0003_ChannelNile Red_Seq0531.ome.tiff,1,2206.1834409834323,0.002103980484946663
WellL18_PointL18_0000_ChannelNile Red_Seq0736.ome.tiff,1,1809.5573684677208,0.0017257283863713463
WellF17_PointF17_0003_ChannelNile Red_Seq0263.ome.tiff,102,35586.39078353839,0.03393782690385665
WellJ16_PointJ16_0001_ChannelNile Red_Seq0585.ome.tiff,1,283.5287369864788,0.0002703940744271076
WellJ09_PointJ09_0002_ChannelNile Red_Seq0614.ome.tiff,1,10028.749148422017,0.009564160488531129
WellK05_PointK05_0001_ChannelNile Red_Seq0649.ome.tiff,0,0.0,0.0
WellK20_PointK20_0002_ChannelNile Red_Seq0710.ome.tiff,0,0.0,0.0
WellG18_PointG18_0003_ChannelNile Red_Seq0383.ome.tiff,143,61800.625283255016,0.05893766907048704
WellE15_PointE15_0003_ChannelNile Red_Seq0211.ome.tiff,0,0.0,0.0
WellH19_PointH19_0000_ChannelNile Red_Seq0412.ome.tiff,0,0.0,0.0
WellC18_PointC18_0001_ChannelNile Red_Seq0061.ome.tiff,0,0.0,0.0
WellD18_PointD18_0003_ChannelNile Red_Seq0099.ome.tiff,4,1515.8184553570752,0.0014455971292086365
WellG09_PointG09_0002_ChannelNile Red_Seq0346.ome.tiff,0,0.0,0.0
WellC11_PointC11_0002_ChannelNile Red_Seq0034.ome.tiff,0,0.0,0.0
WellD08_PointD08_0003_ChannelNile Red_Seq0139.ome.tiff,1,226.98006922186255,0.00021646506235300307
WellD05_PointD05_0003_ChannelNile Red_Seq0151.ome.tiff,0,0.0,0.0
WellF06_PointF06_0001_ChannelNile Red_Seq0305.ome.tiff,0,0.0,0.0
WellE04_PointE04_0000_ChannelNile Red_Seq0164.ome.tiff,2,798.7499321752049,0.0007617472955467271
WellF11_PointF11_0002_ChannelNile Red_Seq0286.ome.tiff,0,0.0,0.0
WellJ05_PointJ05_0000_ChannelNile Red_Seq0628.ome.tiff,0,0.0,0.0
WellH14_PointH14_0003_ChannelNile Red_Seq0435.ome.tiff,0,0.0,0.0
WellH14_PointH14_0000_ChannelNile Red_Seq0432.ome.tiff,0,0.0,0.0
WellG07_PointG07_0001_ChannelNile Red_Seq0337.ome.tiff,27,12803.560859705203,0.012210427150445178
WellI10_PointI10_0002_ChannelNile Red_Seq0510.ome.tiff,0,0.0,0.0
WellC11_PointC11_0001_ChannelNile Red_Seq0033.ome.tiff,0,0.0,0.0
WellJ22_PointJ22_0000_ChannelNile Red_Seq0560.ome.tiff,0,0.0,0.0
WellK15_PointK15_0002_ChannelNile Red_Seq0690.ome.tiff,0,0.0,0.0
WellC13_PointC13_0000_ChannelNile Red_Seq0040.ome.tiff,0,0.0,0.0
WellH19_PointH19_0003_ChannelNile Red_Seq0415.ome.tiff,0,0.0,0.0
WellI19_PointI19_0001_ChannelNile Red_Seq0545.ome.tiff,142,64908.44581581872,0.061901517692393035
WellI22_PointI22_0002_ChannelNile Red_Seq0558.ome.tiff,8,3865.7297602422404,0.0036866471865103154
WellD03_PointD03_0001_ChannelNile Red_Seq0157.ome.tiff,0,0.0,0.0
WellJ20_PointJ20_0002_ChannelNile Red_Seq0570.ome.tiff,0,0.0,0.0
WellE06_PointE06_0001_ChannelNile Red_Seq0173.ome.tiff,0,0.0,0.0
WellF04_PointF04_0000_ChannelNile Red_Seq0312.ome.tiff,0,0.0,0.0
WellJ11_PointJ11_0000_ChannelNile Red_Seq0604.ome.tiff,0,0.0,0.0
WellI13_PointI13_0002_ChannelNile Red_Seq0522.ome.tiff,1,226.98006922186255,0.00021646506235300307
WellL09_PointL09_0001_ChannelNile Red_Seq0773.ome.tiff,0,0.0,0.0
WellK18_PointK18_0001_ChannelNile Red_Seq0701.ome.tiff,0,0.0,0.0
WellI03_PointI03_0002_ChannelNile Red_Seq0482.ome.tiff,0,0.0,0.0
WellG22_PointG22_0001_ChannelNile Red_Seq0397.ome.tiff,0,0.0,0.0
WellI20_PointI20_0000_ChannelNile Red_Seq0548.ome.tiff,19,8738.339965960009,0.008333530393562326
WellJ15_PointJ15_0001_ChannelNile Red_Seq0589.ome.tiff,0,0.0,0.0
WellG03_PointG03_0001_ChannelNile Red_Seq0321.ome.tiff,15,6819.6122527800435,0.0065036890533256946
WellL09_PointL09_0002_ChannelNile Red_Seq0774.ome.tiff,0,0.0,0.0
WellF10_PointF10_0000_ChannelNile Red_Seq0288.ome.tiff,0,0.0,0.0
WellH16_PointH16_0001_ChannelNile Red_Seq0425.ome.tiff,0,0.0,0.0
WellC17_PointC17_0000_ChannelNile Red_Seq0056.ome.tiff,0,0.0,0.0
WellF04_PointF04_0003_ChannelNile Red_Seq0315.ome.tiff,0,0.0,0.0
WellD15_PointD15_0000_ChannelNile Red_Seq0108.ome.tiff,132,50206.57759518187,0.04788072356718242
WellE06_PointE06_0002_ChannelNile Red_Seq0174.ome.tiff,0,0.0,0.0
WellD07_PointD07_0001_ChannelNile Red_Seq0141.ome.tiff,7,11614.468040321464,0.01107641986877581
WellE12_PointE12_0001_ChannelNile Red_Seq0197.ome.tiff,0,0.0,0.0
WellC04_PointC04_0000_ChannelNile Red_Seq0004.ome.tiff,0,0.0,0.0
WellE18_PointE18_0003_ChannelNile Red_Seq0223.ome.tiff,0,0.0,0.0
WellG16_PointG16_0000_ChannelNile Red_Seq0372.ome.tiff,3,1514.2476590302804,0.001444099101095467
WellD14_PointD14_0001_ChannelNile Red_Seq0113.ome.tiff,65,28550.00863766064,0.027227409970913545
WellI08_PointI08_0000_ChannelNile Red_Seq0500.ome.tiff,1,660.519855417254,0.0006299208215878048
WellK13_PointK13_0003_ChannelNile Red_Seq0683.ome.tiff,8,5366.625650494764,0.005118013048643841
WellK04_PointK04_0003_ChannelNile Red_Seq0647.ome.tiff,0,0.0,0.0
WellH03_PointH03_0000_ChannelNile Red_Seq0476.ome.tiff,0,0.0,0.0
WellK07_PointK07_0003_ChannelNile Red_Seq0659.ome.tiff,0,0.0,0.0
WellH21_PointH21_0000_ChannelNile Red_Seq0404.ome.tiff,0,0.0,0.0
WellJ14_PointJ14_0003_ChannelNile Red_Seq0595.ome.tiff,1,5026.548245743669,0.004793689962142629
WellI21_PointI21_0002_ChannelNile Red_Seq0554.ome.tiff,130,52024.774343446974,0.04961469110817621
WellI21_PointI21_0001_ChannelNile Red_Seq0553.ome.tiff,80,26418.438022199967,0.025194585821342437
WellD20_PointD20_0000_ChannelNile Red_Seq0088.ome.tiff,0,0.0,0.0
WellL22_PointL22_0002_ChannelNile Red_Seq0722.ome.tiff,5,1734.1591447815658,0.001653823036939207
WellC20_PointC20_0002_ChannelNile Red_Seq0070.ome.tiff,0,0.0,0.0
WellJ14_PointJ14_0000_ChannelNile Red_Seq0592.ome.tiff,6,4731.2385363062285,0.004512060676866749
WellH08_PointH08_0001_ChannelNile Red_Seq0457.ome.tiff,0,0.0,0.0
WellC09_PointC09_0000_ChannelNile Red_Seq0024.ome.tiff,0,0.0,0.0
WellD10_PointD10_0001_ChannelNile Red_Seq0129.ome.tiff,156,139061.8134129888,0.13261967984484557
WellD14_PointD14_0002_ChannelNile Red_Seq0114.ome.tiff,8,3386.636880569797,0.003229748611993596
WellF05_PointF05_0001_ChannelNile Red_Seq0309.ome.tiff,0,0.0,0.0
WellG16_PointG16_0003_ChannelNile Red_Seq0375.ome.tiff,1,962.1127501618741,0.0009175422193163625
WellF20_PointF20_0002_ChannelNile Red_Seq0250.ome.tiff,37,12563.229021705583,0.011981228849130233
WellJ06_PointJ06_0000_ChannelNile Red_Seq0624.ome.tiff,0,0.0,0.0
WellC12_PointC12_0002_ChannelNile Red_Seq0038.ome.tiff,0,0.0,0.0
WellH05_PointH05_0002_ChannelNile Red_Seq0470.ome.tiff,1,226.98006922186255,0.00021646506235300307
WellE13_PointE13_0002_ChannelNile Red_Seq0202.ome.tiff,0,0.0,0.0
WellK09_PointK09_0003_ChannelNile Red_Seq0667.ome.tiff,0,0.0,0.0
WellD12_PointD12_0002_ChannelNile Red_Seq0122.ome.tiff,42,28703.16127952314,0.027373467711947576
WellK10_PointK10_0002_ChannelNile Red_Seq0670.ome.tiff,0,0.0,0.0
WellG19_PointG19_0000_ChannelNile Red_Seq0384.ome.tiff,0,0.0,0.0
WellG22_PointG22_0003_ChannelNile Red_Seq0399.ome.tiff,0,0.0,0.0
WellC19_PointC19_0002_ChannelNile Red_Seq0066.ome.tiff,0,0.0,0.0
WellL20_PointL20_0001_ChannelNile Red_Seq0729.ome.tiff,0,0.0,0.0
WellD22_PointD22_0003_ChannelNile Red_Seq0083.ome.tiff,0,0.0,0.0
WellI16_PointI16_0001_ChannelNile Red_Seq0533.ome.tiff,3,1082.2786691616836,0.0010321413699738346
WellE03_PointE03_0002_ChannelNile Red_Seq0162.ome.tiff,22,11069.401714923639,0.010556604113505973
WellI06_PointI06_0001_ChannelNile Red_Seq0493.ome.tiff,4,2253.307330787279,0.0021489213283417503
WellL12_PointL12_0001_ChannelNile Red_Seq0761.ome.tiff,25,11097.676048805944,0.010583568619543023
WellG05_PointG05_0001_ChannelNile Red_Seq0329.ome.tiff,75,80657.24978826435,0.07692074755503116
WellG08_PointG08_0001_ChannelNile Red_Seq0341.ome.tiff,2,692.7211801165494,0.000660630397907781
WellE21_PointE21_0000_ChannelNile Red_Seq0232.ome.tiff,0,0.0,0.0
WellF21_PointF21_0001_ChannelNile Red_Seq0245.ome.tiff,209,73417.44951806666,0.07001633598143259
WellF07_PointF07_0002_ChannelNile Red_Seq0302.ome.tiff,0,0.0,0.0
WellC17_PointC17_0002_ChannelNile Red_Seq0058.ome.tiff,0,0.0,0.0
WellC14_PointC14_0002_ChannelNile Red_Seq0046.ome.tiff,0,0.0,0.0
WellH11_PointH11_0003_ChannelNile Red_Seq0447.ome.tiff,0,0.0,0.0
WellE21_PointE21_0003_ChannelNile Red_Seq0235.ome.tiff,0,0.0,0.0
WellC05_PointC05_0003_ChannelNile Red_Seq0011.ome.tiff,0,0.0,0.0
WellI06_PointI06_0002_ChannelNile Red_Seq0494.ome.tiff,0,0.0,0.0
WellI18_PointI18_0002_ChannelNile Red_Seq0542.ome.tiff,1,415.4756284372501,0.00039622843593335163
WellH20_PointH20_0003_ChannelNile Red_Seq0411.ome.tiff,0,0.0,0.0
WellI16_PointI16_0002_ChannelNile Red_Seq0534.ome.tiff,2,983.3185005736052,0.0009377655988441517
WellE16_PointE16_0002_ChannelNile Red_Seq0214.ome.tiff,0,0.0,0.0
WellE09_PointE09_0001_ChannelNile Red_Seq0185.ome.tiff,270,140532.07877486883,0.1340218341587723
WellH03_PointH03_0002_ChannelNile Red_Seq0478.ome.tiff,0,0.0,0.0
WellK07_PointK07_0001_ChannelNile Red_Seq0657.ome.tiff,0,0.0,0.0
WellG13_PointG13_0003_ChannelNile Red_Seq0363.ome.tiff,5,1254.280866945725,0.0011961754483659028
WellL17_PointL17_0000_ChannelNile Red_Seq0740.ome.tiff,3,1396.437934520663,0.001331746992607749
WellH06_PointH06_0003_ChannelNile Red_Seq0467.ome.tiff,2,4473.627938711866,0.00426638406630694
WellE12_PointE12_0003_ChannelNile Red_Seq0199.ome.tiff,0,0.0,0.0
WellK16_PointK16_0000_ChannelNile Red_Seq0692.ome.tiff,0,0.0,0.0
WellD17_PointD17_0003_ChannelNile Red_Seq0103.ome.tiff,19,16178.41676782404,0.015428940551590003
WellF12_PointF12_0003_ChannelNile Red_Seq0283.ome.tiff,0,0.0,0.0
WellJ10_PointJ10_0003_ChannelNile Red_Seq0611.ome.tiff,0,0.0,0.0
WellC12_PointC12_0000_ChannelNile Red_Seq0036.ome.tiff,0,0.0,0.0
WellJ21_PointJ21_0001_ChannelNile Red_Seq0565.ome.tiff,3,2697.842691270235,0.002572863284368739
WellK16_PointK16_0003_ChannelNile Red_Seq0695.ome.tiff,0,0.0,0.0
WellE20_PointE20_0001_ChannelNile Red_Seq0229.ome.tiff,0,0.0,0.0
WellJ17_PointJ17_0002_ChannelNile Red_Seq0582.ome.tiff,0,0.0,0.0
WellF16_PointF16_0000_ChannelNile Red_Seq0264.ome.tiff,0,0.0,0.0
WellH08_PointH08_0003_ChannelNile Red_Seq0459.ome.tiff,0,0.0,0.0
WellE16_PointE16_0001_ChannelNile Red_Seq0213.ome.tiff,0,0.0,0.0
WellJ13_PointJ13_0003_ChannelNile Red_Seq0599.ome.tiff,1,283.5287369864788,0.0002703940744271076
WellH12_PointH12_0001_ChannelNile Red_Seq0441.ome.tiff,0,0.0,0.0
WellC05_PointC05_0001_ChannelNile Red_Seq0009.ome.tiff,0,0.0,0.0
WellJ16_PointJ16_0002_ChannelNile Red_Seq0586.ome.tiff,0,0.0,0.0
WellF17_PointF17_0000_ChannelNile Red_Seq0260.ome.tiff,59,40024.675804897364,0.03817050533761727
WellH20_PointH20_0001_ChannelNile Red_Seq0409.ome.tiff,0,0.0,0.0
WellK06_PointK06_0002_ChannelNile Red_Seq0654.ome.tiff,0,0.0,0.0
WellE17_PointE17_0001_ChannelNile Red_Seq0217.ome.tiff,0,0.0,0.0
WellE08_PointE08_0001_ChannelNile Red_Seq0181.ome.tiff,9,5032.831431050849,0.004799682074595307
WellD11_PointD11_0000_ChannelNile Red_Seq0124.ome.tiff,0,0.0,0.0
WellK06_PointK06_0001_ChannelNile Red_Seq0653.ome.tiff,0,0.0,0.0
WellK10_PointK10_0000_ChannelNile Red_Seq0668.ome.tiff,0,0.0,0.0
WellD21_PointD21_0001_ChannelNile Red_Seq0085.ome.tiff,45,14924.135900878313,0.014232765103224099
WellL20_PointL20_0003_ChannelNile Red_Seq0731.ome.tiff,0,0.0,0.0
WellL16_PointL16_0000_ChannelNile Red_Seq0744.ome.tiff,0,0.0,0.0
WellD13_PointD13_0002_ChannelNile Red_Seq0118.ome.tiff,6,4451.636790136737,0.004245411672722565
WellH07_PointH07_0003_ChannelNile Red_Seq0463.ome.tiff,0,0.0,0.0
WellI12_PointI12_0000_ChannelNile Red_Seq0516.ome.tiff,0,0.0,0.0
WellG05_PointG05_0003_ChannelNile Red_Seq0331.ome.tiff,28,27056.966729042095,0.02580353424934587
WellK17_PointK17_0000_ChannelNile Red_Seq0696.ome.tiff,0,0.0,0.0
WellL11_PointL11_0003_ChannelNile Red_Seq0767.ome.tiff,2,573.3406592801373,0.0005467802613068936
WellD16_PointD16_0003_ChannelNile Red_Seq0107.ome.tiff,34,13408.317445521237,0.012787167974015462
WellG14_PointG14_0002_ChannelNile Red_Seq0366.ome.tiff,3,2513.2741228718346,0.0023968449810713144
WellG17_PointG17_0002_ChannelNile Red_Seq0378.ome.tiff,1,452.3893421169302,0.0004314320965928366
WellF22_PointF22_0003_ChannelNile Red_Seq0243.ome.tiff,0,0.0,0.0
WellJ10_PointJ10_0001_ChannelNile Red_Seq0609.ome.tiff,0,0.0,0.0
WellJ22_PointJ22_0003_ChannelNile Red_Seq0563.ome.tiff,0,0.0,0.0
WellE20_PointE20_0003_ChannelNile Red_Seq0231.ome.tiff,0,0.0,0.0
WellI19_PointI19_0002_ChannelNile Red_Seq0546.ome.tiff,30,17486.10470988079,0.01667604895580367
WellC13_PointC13_0003_ChannelNile Red_Seq0043.ome.tiff,0,0.0,0.0
WellK11_PointK11_0001_ChannelNile Red_Seq0673.ome.tiff,0,0.0,0.0
WellK11_PointK11_0002_ChannelNile Red_Seq0674.ome.tiff,1,226.98006922186255,0.00021646506235300307
WellG18_PointG18_0000_ChannelNile Red_Seq0380.ome.tiff,12,4795.641185704819,0.004573479829506701
WellK22_PointK22_0000_ChannelNile Red_Seq0716.ome.tiff,44,14487.45452202933,0.013816313287762956
WellG12_PointG12_0003_ChannelNile Red_Seq0359.ome.tiff,0,0.0,0.0
WellI17_PointI17_0001_ChannelNile Red_Seq0537.ome.tiff,0,0.0,0.0
WellC18_PointC18_0002_ChannelNile Red_Seq0062.ome.tiff,0,0.0,0.0
WellF03_PointF03_0003_ChannelNile Red_Seq0319.ome.tiff,0,0.0,0.0
WellI07_PointI07_0001_ChannelNile Red_Seq0497.ome.tiff,10,6660.176425610362,0.006351639199838983
WellG09_PointG09_0001_ChannelNile Red_Seq0345.ome.tiff,0,0.0,0.0
WellE07_PointE07_0003_ChannelNile Red_Seq0179.ome.tiff,41,24532.697031882693,0.023396203071482366
WellF11_PointF11_0001_ChannelNile Red_Seq0285.ome.tiff,0,0.0,0.0
WellF06_PointF06_0002_ChannelNile Red_Seq0306.ome.tiff,0,0.0,0.0
WellE04_PointE04_0003_ChannelNile Red_Seq0167.ome.tiff,6,6002.0127646833,0.005723965420420933
WellC21_PointC21_0002_ChannelNile Red_Seq0074.ome.tiff,0,0.0,0.0
WellC08_PointC08_0000_ChannelNile Red_Seq0020.ome.tiff,0,0.0,0.0
WellE14_PointE14_0003_ChannelNile Red_Seq0207.ome.tiff,0,0.0,0.0
WellH09_PointH09_0001_ChannelNile Red_Seq0453.ome.tiff,0,0.0,0.0
WellE17_PointE17_0003_ChannelNile Red_Seq0219.ome.tiff,0,0.0,0.0
WellD15_PointD15_0002_ChannelNile Red_Seq0110.ome.tiff,103,40384.38816373339,0.038513553775533095
WellJ07_PointJ07_0000_ChannelNile Red_Seq0620.ome.tiff,0,0.0,0.0
WellF10_PointF10_0002_ChannelNile Red_Seq0290.ome.tiff,0,0.0,0.0
WellJ13_PointJ13_0001_ChannelNile Red_Seq0597.ome.tiff,11,5922.687550180157,0.005648315000705869
WellH04_PointH04_0002_ChannelNile Red_Seq0474.ome.tiff,0,0.0,0.0
WellK08_PointK08_0003_ChannelNile Red_Seq0663.ome.tiff,0,0.0,0.0
WellI12_PointI12_0002_ChannelNile Red_Seq0518.ome.tiff,0,0.0,0.0
WellK03_PointK03_0002_ChannelNile Red_Seq0642.ome.tiff,0,0.0,0.0
WellK14_PointK14_0002_ChannelNile Red_Seq0686.ome.tiff,0,0.0,0.0
WellH04_PointH04_0001_ChannelNile Red_Seq0473.ome.tiff,0,0.0,0.0
WellE19_PointE19_0003_ChannelNile Red_Seq0227.ome.tiff,0,0.0,0.0
WellK17_PointK17_0002_ChannelNile Red_Seq0698.ome.tiff,0,0.0,0.0
WellJ20_PointJ20_0000_ChannelNile Red_Seq0568.ome.tiff,0,0.0,0.0
WellG17_PointG17_0000_ChannelNile Red_Seq0376.ome.tiff,36,28661.53517686308,0.027333769966948585
WellJ12_PointJ12_0002_ChannelNile Red_Seq0602.ome.tiff,0,0.0,0.0
WellI09_PointI09_0000_ChannelNile Red_Seq0504.ome.tiff,11,3510.729790386594,0.003348092832933992
WellH09_PointH09_0002_ChannelNile Red_Seq0454.ome.tiff,2,1006.8804454755286,0.0009602360205416952
WellC03_PointC03_0001_ChannelNile Red_Seq0001.ome.tiff,0,0.0,0.0
WellJ15_PointJ15_0003_ChannelNile Red_Seq0591.ome.tiff,0,0.0,0.0
WellC21_PointC21_0001_ChannelNile Red_Seq0073.ome.tiff,0,0.0,0.0
WellI20_PointI20_0002_ChannelNile Red_Seq0550.ome.tiff,2,453.9601384437251,0.00043293012470600615
WellD13_PointD13_0000_ChannelNile Red_Seq0116.ome.tiff,1,3959.1921416865366,0.0037757798592439047
WellC20_PointC20_0000_ChannelNile Red_Seq0068.ome.tiff,0,0.0,0.0
WellD20_PointD20_0002_ChannelNile Red_Seq0090.ome.tiff,1,1590.4312808798327,0.001516753464584191
WellL21_PointL21_0000_ChannelNile Red_Seq0724.ome.tiff,0,0.0,0.0
WellD10_PointD10_0003_ChannelNile Red_Seq0131.ome.tiff,77,85003.64322450582,0.08106579134417136
WellC16_PointC16_0000_ChannelNile Red_Seq0052.ome.tiff,0,0.0,0.0
WellH17_PointH17_0001_ChannelNile Red_Seq0421.ome.tiff,0,0.0,0.0
WellF20_PointF20_0000_ChannelNile Red_Seq0248.ome.tiff,152,64606.0675229107,0.06161314728060789
WellF05_PointF05_0003_ChannelNile Red_Seq0311.ome.tiff,0,0.0,0.0
WellD06_PointD06_0001_ChannelNile Red_Seq0145.ome.tiff,0,0.0,0.0
WellG04_PointG04_0000_ChannelNile Red_Seq0324.ome.tiff,1,1256.6370614359173,0.0011984224905356572
WellH05_PointH05_0000_ChannelNile Red_Seq0468.ome.tiff,6,3754.203221039803,0.003580287190475276
WellI07_PointI07_0003_ChannelNile Red_Seq0499.ome.tiff,3,1537.8096039322036,0.0014665695227930103
WellI04_PointI04_0003_ChannelNile Red_Seq0487.ome.tiff,8,7689.833417824416,0.007333596628021637
WellE07_PointE07_0001_ChannelNile Red_Seq0177.ome.tiff,19,9105.12090826662,0.008683319957987422
WellC16_PointC16_0003_ChannelNile Red_Seq0055.ome.tiff,0,0.0,0.0
WellK19_PointK19_0001_ChannelNile Red_Seq0705.ome.tiff,84,28253.9135300598,0.026945031671581077
WellK22_PointK22_0002_ChannelNile Red_Seq0718.ome.tiff,109,51370.537673336905,0.048990762399041085
WellG12_PointG12_0001_ChannelNile Red_Seq0357.ome.tiff,2,1358.7388226775856,0.0012957943178916794
WellI17_PointI17_0003_ChannelNile Red_Seq0539.ome.tiff,2,798.7499321752049,0.0007617472955467271
WellH22_PointH22_0002_ChannelNile Red_Seq0402.ome.tiff,0,0.0,0.0
WellF03_PointF03_0001_ChannelNile Red_Seq0317.ome.tiff,0,0.0,0.0
WellI14_PointI14_0003_ChannelNile Red_Seq0527.ome.tiff,0,0.0,0.0
WellL13_PointL13_0003_ChannelNile Red_Seq0759.ome.tiff,1,962.1127501618741,0.0009175422193163625
WellD16_PointD16_0001_ChannelNile Red_Seq0105.ome.tiff,103,62830.28227546908,0.0599196264986697
WellG14_PointG14_0000_ChannelNile Red_Seq0364.ome.tiff,0,0.0,0.0
WellH15_PointH15_0000_ChannelNile Red_Seq0428.ome.tiff,0,0.0,0.0
WellF22_PointF22_0001_ChannelNile Red_Seq0241.ome.tiff,47,14533.007615506383,0.013859756103044876
WellJ04_PointJ04_0003_ChannelNile Red_Seq0635.ome.tiff,2,3308.0970642300517,0.003154847206335117
WellC10_PointC10_0001_ChannelNile Red_Seq0029.ome.tiff,1,346.3605900582747,0.0003303151989538905
WellC06_PointC06_0000_ChannelNile Red_Seq0012.ome.tiff,0,0.0,0.0
WellH07_PointH07_0001_ChannelNile Red_Seq0461.ome.tiff,0,0.0,0.0
WellL11_PointL11_0001_ChannelNile Red_Seq0765.ome.tiff,13,6992.399848727484,0.006668472145774349
WellE22_PointE22_0000_ChannelNile Red_Seq0236.ome.tiff,0,0.0,0.0
WellD21_PointD21_0003_ChannelNile Red_Seq0087.ome.tiff,77,28791.911271987054,0.027458106300341657
WellJ09_PointJ09_0000_ChannelNile Red_Seq0612.ome.tiff,0,0.0,0.0
WellL16_PointL16_0002_ChannelNile Red_Seq0746.ome.tiff,0,0.0,0.0
WellF08_PointF08_0003_ChannelNile Red_Seq0299.ome.tiff,0,0.0,0.0
WellD11_PointD11_0002_ChannelNile Red_Seq0126.ome.tiff,0,0.0,0.0
WellE08_PointE08_0003_ChannelNile Red_Seq0183.ome.tiff,11,5123.937618004952,0.004886567705159142
WellK20_PointK20_0003_ChannelNile Red_Seq0711.ome.tiff,0,0.0,0.0
WellK05_PointK05_0000_ChannelNile Red_Seq0648.ome.tiff,0,0.0,0.0
WellJ09_PointJ09_0003_ChannelNile Red_Seq0615.ome.tiff,0,0.0,0.0
WellJ16_PointJ16_0000_ChannelNile Red_Seq0584.ome.tiff,0,0.0,0.0
WellI15_PointI15_0002_ChannelNile Red_Seq0530.ome.tiff,1,346.3605900582747,0.0003303151989538905
WellL18_PointL18_0001_ChannelNile Red_Seq0737.ome.tiff,0,0.0,0.0
WellF17_PointF17_0002_ChannelNile Red_Seq0262.ome.tiff,0,0.0,0.0
WellH12_PointH12_0003_ChannelNile Red_Seq0443.ome.tiff,0,0.0,0.0
WellC06_PointC06_0003_ChannelNile Red_Seq0015.ome.tiff,0,0.0,0.0
WellI05_PointI05_0002_ChannelNile Red_Seq0490.ome.tiff,24,17617.26620316816,0.016801134303253328
WellJ04_PointJ04_0000_ChannelNile Red_Seq0632.ome.tiff,0,0.0,0.0
WellJ05_PointJ05_0001_ChannelNile Red_Seq0629.ome.tiff,0,0.0,0.0
WellH14_PointH14_0002_ChannelNile Red_Seq0434.ome.tiff,0,0.0,0.0
WellF11_PointF11_0003_ChannelNile Red_Seq0287.ome.tiff,0,0.0,0.0
WellF06_PointF06_0000_ChannelNile Red_Seq0304.ome.tiff,0,0.0,0.0
WellE04_PointE04_0001_ChannelNile Red_Seq0165.ome.tiff,5,4769.723046312703,0.004548762365639404
WellD08_PointD08_0002_ChannelNile Red_Seq0138.ome.tiff,1,660.519855417254,0.0006299208215878048
WellD05_PointD05_0002_ChannelNile Red_Seq0150.ome.tiff,0,0.0,0.0
WellG09_PointG09_0003_ChannelNile Red_Seq0347.ome.tiff,1,660.519855417254,0.0006299208215878048
WellC11_PointC11_0003_ChannelNile Red_Seq0035.ome.tiff,0,0.0,0.0
WellC18_PointC18_0000_ChannelNile Red_Seq0060.ome.tiff,0,0.0,0.0
WellH19_PointH19_0001_ChannelNile Red_Seq0413.ome.tiff,0,0.0,0.0
WellD18_PointD18_0002_ChannelNile Red_Seq0098.ome.tiff,2,887.4999246391166,0.0008463858839408079
WellE15_PointE15_0002_ChannelNile Red_Seq0210.ome.tiff,0,0.0,0.0
WellG18_PointG18_0002_ChannelNile Red_Seq0382.ome.tiff,95,32610.517142425448,0.031099812643456886
WellD03_PointD03_0000_ChannelNile Red_Seq0156.ome.tiff,0,0.0,0.0
WellI22_PointI22_0003_ChannelNile Red_Seq0559.ome.tiff,22,10073.516843735673,0.009606854289756463
WellI19_PointI19_0000_ChannelNile Red_Seq0544.ome.tiff,72,45169.033775150645,0.04307654740824761
WellC13_PointC13_0001_ChannelNile Red_Seq0041.ome.tiff,0,0.0,0.0
WellH19_PointH19_0002_ChannelNile Red_Seq0414.ome.tiff,0,0.0,0.0
WellC11_PointC11_0000_ChannelNile Red_Seq0032.ome.tiff,0,0.0,0.0
WellJ22_PointJ22_0001_ChannelNile Red_Seq0561.ome.tiff,0,0.0,0.0
WellK15_PointK15_0003_ChannelNile Red_Seq0691.ome.tiff,0,0.0,0.0
WellI10_PointI10_0003_ChannelNile Red_Seq0511.ome.tiff,0,0.0,0.0
WellG07_PointG07_0000_ChannelNile Red_Seq0336.ome.tiff,12,10527.476982179398,0.010039784414462469
WellH14_PointH14_0001_ChannelNile Red_Seq0433.ome.tiff,0,0.0,0.0
WellF14_PointF14_0003_ChannelNile Red_Seq0275.ome.tiff,0,0.0,0.0
WellF08_PointF08_0001_ChannelNile Red_Seq0297.ome.tiff,0,0.0,0.0
WellI09_PointI09_0002_ChannelNile Red_Seq0506.ome.tiff,11,3342.65458341954,0.003187803824824848
WellC03_PointC03_0003_ChannelNile Red_Seq0003.ome.tiff,0,0.0,0.0
WellG21_PointG21_0001_ChannelNile Red_Seq0393.ome.tiff,0,0.0,0.0
WellL13_PointL13_0001_ChannelNile Red_Seq0757.ome.tiff,196,95821.71752714229,0.09138271095957021
WellF19_PointF19_0000_ChannelNile Red_Seq0252.ome.tiff,0,0.0,0.0
WellJ12_PointJ12_0000_ChannelNile Red_Seq0600.ome.tiff,0,0.0,0.0
WellK03_PointK03_0000_ChannelNile Red_Seq0640.ome.tiff,0,0.0,0.0
WellK14_PointK14_0000_ChannelNile Red_Seq0684.ome.tiff,0,0.0,0.0
WellE22_PointE22_0002_ChannelNile Red_Seq0238.ome.tiff,0,0.0,0.0
WellE19_PointE19_0001_ChannelNile Red_Seq0225.ome.tiff,0,0.0,0.0
WellE10_PointE10_0000_ChannelNile Red_Seq0188.ome.tiff,0,0.0,0.0
WellK08_PointK08_0001_ChannelNile Red_Seq0661.ome.tiff,0,0.0,0.0
WellF19_PointF19_0003_ChannelNile Red_Seq0255.ome.tiff,0,0.0,0.0
WellE05_PointE05_0002_ChannelNile Red_Seq0170.ome.tiff,0,0.0,0.0
WellJ07_PointJ07_0002_ChannelNile Red_Seq0622.ome.tiff,0,0.0,0.0
WellE14_PointE14_0001_ChannelNile Red_Seq0205.ome.tiff,0,0.0,0.0
WellC08_PointC08_0002_ChannelNile Red_Seq0022.ome.tiff,0,0.0,0.0
WellG21_PointG21_0002_ChannelNile Red_Seq0394.ome.tiff,0,0.0,0.0
WellG10_PointG10_0002_ChannelNile Red_Seq0350.ome.tiff,5,5348.561492736623,0.005100785725342391
WellF14_PointF14_0000_ChannelNile Red_Seq0272.ome.tiff,0,0.0,0.0
WellL15_PointL15_0003_ChannelNile Red_Seq0751.ome.tiff,0,0.0,0.0
WellL18_PointL18_0003_ChannelNile Red_Seq0739.ome.tiff,0,0.0,0.0
WellF15_PointF15_0001_ChannelNile Red_Seq0269.ome.tiff,104,44642.03160751095,0.04257395897627921
WellH22_PointH22_0000_ChannelNile Red_Seq0400.ome.tiff,0,0.0,0.0
WellD18_PointD18_0000_ChannelNile Red_Seq0096.ome.tiff,2,944.0485924037328,0.0009003148960149124
WellI14_PointI14_0001_ChannelNile Red_Seq0525.ome.tiff,1,283.5287369864788,0.0002703940744271076
WellK19_PointK19_0003_ChannelNile Red_Seq0707.ome.tiff,83,31474.045999989336,0.030015989303578697
WellC15_PointC15_0001_ChannelNile Red_Seq0049.ome.tiff,0,0.0,0.0
WellD08_PointD08_0000_ChannelNile Red_Seq0136.ome.tiff,0,0.0,0.0
WellE11_PointE11_0001_ChannelNile Red_Seq0193.ome.tiff,0,0.0,0.0
WellI04_PointI04_0001_ChannelNile Red_Seq0485.ome.tiff,6,3662.311635922301,0.0034926525458548554
WellJ19_PointJ19_0003_ChannelNile Red_Seq0575.ome.tiff,0,0.0,0.0
WellH10_PointH10_0000_ChannelNile Red_Seq0448.ome.tiff,0,0.0,0.0
WellD06_PointD06_0003_ChannelNile Red_Seq0147.ome.tiff,0,0.0,0.0
WellG04_PointG04_0002_ChannelNile Red_Seq0326.ome.tiff,7,3830.3868428893547,0.0036529415539639995
WellJ19_PointJ19_0000_ChannelNile Red_Seq0572.ome.tiff,0,0.0,0.0
WellE11_PointE11_0002_ChannelNile Red_Seq0194.ome.tiff,0,0.0,0.0
WellL10_PointL10_0002_ChannelNile Red_Seq0770.ome.tiff,0,0.0,0.0
WellG07_PointG07_0002_ChannelNile Red_Seq0338.ome.tiff,4,1083.8494654884787,0.0010336393980870044
WellG15_PointG15_0003_ChannelNile Red_Seq0371.ome.tiff,193,96109.17325494575,0.09165685010428024
WellH17_PointH17_0003_ChannelNile Red_Seq0423.ome.tiff,0,0.0,0.0
WellD03_PointD03_0002_ChannelNile Red_Seq0158.ome.tiff,0,0.0,0.0
WellG20_PointG20_0000_ChannelNile Red_Seq0388.ome.tiff,0,0.0,0.0
WellI22_PointI22_0001_ChannelNile Red_Seq0557.ome.tiff,5,2002.7653166634932,0.0019099858442912037
WellL21_PointL21_0002_ChannelNile Red_Seq0726.ome.tiff,0,0.0,0.0
WellJ18_PointJ18_0000_ChannelNile Red_Seq0576.ome.tiff,0,0.0,0.0
WellD07_PointD07_0003_ChannelNile Red_Seq0143.ome.tiff,14,8081.747101359742,0.007707354642257445
WellD09_PointD09_0003_ChannelNile Red_Seq0135.ome.tiff,1,346.3605900582747,0.0003303151989538905
WellE10_PointE10_0002_ChannelNile Red_Seq0190.ome.tiff,2,2767.743127812608,0.002639525535404785
WellH16_PointH16_0003_ChannelNile Red_Seq0427.ome.tiff,0,0.0,0.0
WellE05_PointE05_0000_ChannelNile Red_Seq0168.ome.tiff,0,0.0,0.0
WellG03_PointG03_0003_ChannelNile Red_Seq0323.ome.tiff,5,1367.3782024749576,0.001304033472514112
WellG10_PointG10_0000_ChannelNile Red_Seq0348.ome.tiff,1,490.8738521234052,0.0004681337853654911
WellL15_PointL15_0001_ChannelNile Red_Seq0749.ome.tiff,0,0.0,0.0
WellH13_PointH13_0002_ChannelNile Red_Seq0438.ome.tiff,1,804.247719318987,0.0007669903939428206
WellD19_PointD19_0003_ChannelNile Red_Seq0095.ome.tiff,0,0.0,0.0
WellD19_PointD19_0000_ChannelNile Red_Seq0092.ome.tiff,1,283.5287369864788,0.0002703940744271076
WellC22_PointC22_0001_ChannelNile Red_Seq0077.ome.tiff,0,0.0,0.0
WellH18_PointH18_0003_ChannelNile Red_Seq0419.ome.tiff,0,0.0,0.0
WellI03_PointI03_0000_ChannelNile Red_Seq0480.ome.tiff,3,5862.211891598554,0.005590640918348841
WellK18_PointK18_0003_ChannelNile Red_Seq0703.ome.tiff,3,1760.8626823370791,0.0016792895148630897
WellJ11_PointJ11_0002_ChannelNile Red_Seq0606.ome.tiff,0,0.0,0.0
WellI13_PointI13_0000_ChannelNile Red_Seq0520.ome.tiff,2,692.7211801165494,0.000660630397907781
WellD09_PointD09_0000_ChannelNile Red_Seq0132.ome.tiff,1,283.5287369864788,0.0002703940744271076
WellL10_PointL10_0000_ChannelNile Red_Seq0768.ome.tiff,0,0.0,0.0
WellE13_PointE13_0000_ChannelNile Red_Seq0200.ome.tiff,0,0.0,0.0
WellK09_PointK09_0001_ChannelNile Red_Seq0665.ome.tiff,0,0.0,0.0
WellF13_PointF13_0001_ChannelNile Red_Seq0277.ome.tiff,0,0.0,0.0
WellJ06_PointJ06_0002_ChannelNile Red_Seq0626.ome.tiff,0,0.0,0.0
WellG15_PointG15_0001_ChannelNile Red_Seq0369.ome.tiff,75,25189.28989648296,0.024022378822787245
WellG11_PointG11_0002_ChannelNile Red_Seq0354.ome.tiff,9,5112.9420437173885,0.004876081508366955
WellG20_PointG20_0002_ChannelNile Red_Seq0390.ome.tiff,0,0.0,0.0
WellC09_PointC09_0002_ChannelNile Red_Seq0026.ome.tiff,0,0.0,0.0
WellK12_PointK12_0003_ChannelNile Red_Seq0679.ome.tiff,0,0.0,0.0
WellF09_PointF09_0002_ChannelNile Red_Seq0294.ome.tiff,0,0.0,0.0
WellJ03_PointJ03_0003_ChannelNile Red_Seq0639.ome.tiff,0,0.0,0.0
WellL22_PointL22_0000_ChannelNile Red_Seq0720.ome.tiff,6,2272.942284872215,0.0021676466797563698
WellL14_PointL14_0003_ChannelNile Red_Seq0755.ome.tiff,0,0.0,0.0
WellL14_PointL14_0000_ChannelNile Red_Seq0752.ome.tiff,1,346.3605900582747,0.0003303151989538905
WellH21_PointH21_0002_ChannelNile Red_Seq0406.ome.tiff,0,0.0,0.0
WellF09_PointF09_0001_ChannelNile Red_Seq0293.ome.tiff,0,0.0,0.0
WellF15_PointF15_0003_ChannelNile Red_Seq0271.ome.tiff,69,49368.5577548368,0.04708152556880646
WellJ08_PointJ08_0002_ChannelNile Red_Seq0618.ome.tiff,0,0.0,0.0
WellK13_PointK13_0001_ChannelNile Red_Seq0681.ome.tiff,8,3773.838175124739,0.0035990125418898953
WellK04_PointK04_0001_ChannelNile Red_Seq0645.ome.tiff,0,0.0,0.0
WellI08_PointI08_0002_ChannelNile Red_Seq0502.ome.tiff,0,0.0,0.0
WellG11_PointG11_0001_ChannelNile Red_Seq0353.ome.tiff,2,453.9601384437251,0.00043293012470600615
WellC15_PointC15_0003_ChannelNile Red_Seq0051.ome.tiff,0,0.0,0.0
WellF18_PointF18_0000_ChannelNile Red_Seq0256.ome.tiff,1,1256.6370614359173,0.0011984224905356572
WellH10_PointH10_0002_ChannelNile Red_Seq0450.ome.tiff,0,0.0,0.0
WellC07_PointC07_0002_ChannelNile Red_Seq0018.ome.tiff,0,0.0,0.0
WellE18_PointE18_0001_ChannelNile Red_Seq0221.ome.tiff,0,0.0,0.0
WellC04_PointC04_0002_ChannelNile Red_Seq0006.ome.tiff,0,0.0,0.0
WellK05_PointK05_0002_ChannelNile Red_Seq0650.ome.tiff,0,0.0,0.0
WellK20_PointK20_0001_ChannelNile Red_Seq0709.ome.tiff,0,0.0,0.0
WellI15_PointI15_0000_ChannelNile Red_Seq0528.ome.tiff,1,572.5552611167398,0.0005460312472503088
WellI18_PointI18_0000_ChannelNile Red_Seq0540.ome.tiff,0,0.0,0.0
WellH13_PointH13_0000_ChannelNile Red_Seq0436.ome.tiff,0,0.0,0.0
WellJ18_PointJ18_0002_ChannelNile Red_Seq0578.ome.tiff,0,0.0,0.0
WellI05_PointI05_0000_ChannelNile Red_Seq0488.ome.tiff,36,19154.290408936962,0.018266954811989748
WellH11_PointH11_0001_ChannelNile Red_Seq0445.ome.tiff,1,226.98006922186255,0.00021646506235300307
WellG06_PointG06_0000_ChannelNile Red_Seq0332.ome.tiff,5,1592.787475370025,0.0015190005067539454
WellD04_PointD04_0001_ChannelNile Red_Seq0153.ome.tiff,0,0.0,0.0
WellI11_PointI11_0003_ChannelNile Red_Seq0515.ome.tiff,16,13111.436939757,0.012504040660626412
WellC14_PointC14_0000_ChannelNile Red_Seq0044.ome.tiff,0,0.0,0.0
WellH15_PointH15_0002_ChannelNile Red_Seq0430.ome.tiff,0,0.0,0.0
WellF07_PointF07_0000_ChannelNile Red_Seq0300.ome.tiff,0,0.0,0.0
WellF21_PointF21_0003_ChannelNile Red_Seq0247.ome.tiff,72,22252.6861635399,0.021221815265216732
WellD04_PointD04_0002_ChannelNile Red_Seq0154.ome.tiff,0,0.0,0.0
WellG06_PointG06_0003_ChannelNile Red_Seq0335.ome.tiff,5,1959.5684176766335,0.0018687900711790405
WellI11_PointI11_0000_ChannelNile Red_Seq0512.ome.tiff,0,0.0,0.0
WellC10_PointC10_0003_ChannelNile Red_Seq0031.ome.tiff,0,0.0,0.0
WellL12_PointL12_0003_ChannelNile Red_Seq0763.ome.tiff,31,14071.193495428684,0.013419335837773022
WellG08_PointG08_0003_ChannelNile Red_Seq0343.ome.tiff,2,798.7499321752049,0.0007617472955467271
WellD22_PointD22_0001_ChannelNile Red_Seq0081.ome.tiff,10,5562.975191344126,0.005305266562790037
WellC22_PointC22_0003_ChannelNile Red_Seq0079.ome.tiff,0,0.0,0.0
WellH18_PointH18_0001_ChannelNile Red_Seq0417.ome.tiff,0,0.0,0.0
WellC19_PointC19_0000_ChannelNile Red_Seq0064.ome.tiff,0,0.0,0.0
WellE03_PointE03_0000_ChannelNile Red_Seq0160.ome.tiff,102,38087.88393395925,0.03632343667407918
WellD12_PointD12_0000_ChannelNile Red_Seq0120.ome.tiff,0,0.0,0.0
WellG19_PointG19_0002_ChannelNile Red_Seq0386.ome.tiff,0,0.0,0.0
WellK21_PointK21_0003_ChannelNile Red_Seq0715.ome.tiff,100,51415.30536865055,0.04903345620026641
WellK12_PointK12_0001_ChannelNile Red_Seq0677.ome.tiff,0,0.0,0.0
WellJ17_PointJ17_0000_ChannelNile Red_Seq0580.ome.tiff,0,0.0,0.0
WellJ03_PointJ03_0001_ChannelNile Red_Seq0637.ome.tiff,0,0.0,0.0
WellF16_PointF16_0002_ChannelNile Red_Seq0266.ome.tiff,0,0.0,0.0
WellL19_PointL19_0001_ChannelNile Red_Seq0733.ome.tiff,46,19679.72178024986,0.018768045215844974
WellI10_PointI10_0001_ChannelNile Red_Seq0509.ome.tiff,0,0.0,0.0
WellJ21_PointJ21_0003_ChannelNile Red_Seq0567.ome.tiff,0,0.0,0.0
WellK15_PointK15_0001_ChannelNile Red_Seq0689.ome.tiff,0,0.0,0.0
WellF13_PointF13_0003_ChannelNile Red_Seq0279.ome.tiff,0,0.0,0.0
WellD17_PointD17_0001_ChannelNile Red_Seq0101.ome.tiff,4,5506.42652357951,0.005251337550715933
WellF12_PointF12_0001_ChannelNile Red_Seq0281.ome.tiff,0,0.0,0.0
WellJ05_PointJ05_0003_ChannelNile Red_Seq0631.ome.tiff,0,0.0,0.0
WellF18_PointF18_0002_ChannelNile Red_Seq0258.ome.tiff,1,530.929158456675,0.0005063335022513152
WellH06_PointH06_0001_ChannelNile Red_Seq0465.ome.tiff,1,530.929158456675,0.0005063335022513152
WellC07_PointC07_0000_ChannelNile Red_Seq0016.ome.tiff,0,0.0,0.0
WellD05_PointD05_0000_ChannelNile Red_Seq0148.ome.tiff,0,0.0,0.0
WellL19_PointL19_0002_ChannelNile Red_Seq0734.ome.tiff,109,36004.222606465824,0.03433630238195975
WellG13_PointG13_0001_ChannelNile Red_Seq0361.ome.tiff,0,0.0,0.0
WellL17_PointL17_0002_ChannelNile Red_Seq0742.ome.tiff,147,106217.2476178709,0.10129666101252642
WellJ08_PointJ08_0000_ChannelNile Red_Seq0616.ome.tiff,1,572.5552611167398,0.0005460312472503088
WellE09_PointE09_0003_ChannelNile Red_Seq0187.ome.tiff,132,81577.73643576616,0.07779859202934852
WellE15_PointE15_0000_ChannelNile Red_Seq0208.ome.tiff,0,0.0,0.0
WellK21_PointK21_0000_ChannelNile Red_Seq0712.ome.tiff,35,18110.49624978176,0.017271515130788576
